Davi e Fátima Fotografias ME,Davi Fotos,41884321000183
Davi e Fátima Fotografias ME,Davi Fotos,19183224000104
Davi e Fátima Fotografias ME,Davi Fotos,06794025000190
Davi e Fátima Fotografias ME,Davi Fotos,36300220000188
Davi e Fátima Fotografias ME,Davi Fotos,46276197000197
Davi e Fátima Fotografias ME,Davi Fotos,66346095000108
Davi e Fátima Fotografias ME,Davi Fotos,98743793000133
Davi e Fátima Fotografias ME,Davi Fotos,05146097000169
Davi e Fátima Fotografias ME,Davi Fotos,90661468000110
Davi e Fátima Fotografias ME,Davi Fotos,24265255000144
Davi e Fátima Fotografias ME,Davi Fotos,38027101000129
Davi e Fátima Fotografias ME,Davi Fotos,74465860000137
Davi e Fátima Fotografias ME,Davi Fotos,95361694000107
Davi e Fátima Fotografias ME,Davi Fotos,30280895000126
Davi e Fátima Fotografias ME,Davi Fotos,63459538000189
Davi e Fátima Fotografias ME,Davi Fotos,12973462000174
Davi e Fátima Fotografias ME,Davi Fotos,62902536000150
Davi e Fátima Fotografias ME,Davi Fotos,31151523000162
Davi e Fátima Fotografias ME,Davi Fotos,99910634000149
Davi e Fátima Fotografias ME,Davi Fotos,06154177000129
Davi e Fátima Fotografias ME,Davi Fotos,51163664000102
Davi e Fátima Fotografias ME,Davi Fotos,31233428000108
Davi e Fátima Fotografias ME,Davi Fotos,75235980000100
Davi e Fátima Fotografias ME,Davi Fotos,08926159000143
Davi e Fátima Fotografias ME,Davi Fotos,75235980000100
Davi e Fátima Fotografias ME,Davi Fotos,42625499000172
Davi e Fátima Fotografias ME,Davi Fotos,66252415000160
Davi e Fátima Fotografias ME,Davi Fotos,25981379000199
Davi e Fátima Fotografias ME,Davi Fotos,24920728000108
Davi e Fátima Fotografias ME,Davi Fotos,05756603000131
Davi e Fátima Fotografias ME,Davi Fotos,80174670000163
Davi e Fátima Fotografias ME,Davi Fotos,96979644000142
Davi e Fátima Fotografias ME,Davi Fotos,12544061000107
Davi e Fátima Fotografias ME,Davi Fotos,94439463000106
Davi e Fátima Fotografias ME,Davi Fotos,34240276000169
Davi e Fátima Fotografias ME,Davi Fotos,98382736000176
Davi e Fátima Fotografias ME,Davi Fotos,78141188000185
Davi e Fátima Fotografias ME,Davi Fotos,98382736000176
Davi e Fátima Fotografias ME,Davi Fotos,51801259000172
Davi e Fátima Fotografias ME,Davi Fotos,83714902000117
Davi e Fátima Fotografias ME,Davi Fotos,22975011000120
Davi e Fátima Fotografias ME,Davi Fotos,76697893000138
Davi e Fátima Fotografias ME,Davi Fotos,54264968000154
Davi e Fátima Fotografias ME,Davi Fotos,12836333000134
Davi e Fátima Fotografias ME,Davi Fotos,75019540000116
Davi e Fátima Fotografias ME,Davi Fotos,43128190000130
Davi e Fátima Fotografias ME,Davi Fotos,98567877000163
Davi e Fátima Fotografias ME,Davi Fotos,32585774000118
Davi e Fátima Fotografias ME,Davi Fotos,47183890000188
Davi e Fátima Fotografias ME,Davi Fotos,90540741000158
Davi e Fátima Fotografias ME,Davi Fotos,27780749000155
Davi e Fátima Fotografias ME,Davi Fotos,14045631000131
Davi e Fátima Fotografias ME,Davi Fotos,28734987000197
Davi e Fátima Fotografias ME,Davi Fotos,95823815000187
Davi e Fátima Fotografias ME,Davi Fotos,45079584000170
Davi e Fátima Fotografias ME,Davi Fotos,31361101000111
Davi e Fátima Fotografias ME,Davi Fotos,87106253000122
Davi e Fátima Fotografias ME,Davi Fotos,62937366000149
Davi e Fátima Fotografias ME,Davi Fotos,09187670000133
Davi e Fátima Fotografias ME,Davi Fotos,32346912000106
Davi e Fátima Fotografias ME,Davi Fotos,31890955000195
Davi e Fátima Fotografias ME,Davi Fotos,90102069000119
Davi e Fátima Fotografias ME,Davi Fotos,25540409000121
Davi e Fátima Fotografias ME,Davi Fotos,38728176000137
Davi e Fátima Fotografias ME,Davi Fotos,52555906000176
Davi e Fátima Fotografias ME,Davi Fotos,13500757000196
Davi e Fátima Fotografias ME,Davi Fotos,91264885000191
Davi e Fátima Fotografias ME,Davi Fotos,57263814000136
Davi e Fátima Fotografias ME,Davi Fotos,14039291000136
Davi e Fátima Fotografias ME,Davi Fotos,59949999000162
Davi e Fátima Fotografias ME,Davi Fotos,54796000000179
Davi e Fátima Fotografias ME,Davi Fotos,80710917000119
Davi e Fátima Fotografias ME,Davi Fotos,45047706000147
Davi e Fátima Fotografias ME,Davi Fotos,38982900000154
Davi e Fátima Fotografias ME,Davi Fotos,39007933000146
Davi e Fátima Fotografias ME,Davi Fotos,67289393000176
Davi e Fátima Fotografias ME,Davi Fotos,52373104000145
Davi e Fátima Fotografias ME,Davi Fotos,65924952000147
Davi e Fátima Fotografias ME,Davi Fotos,45661030000187
Davi e Fátima Fotografias ME,Davi Fotos,67572077000107
Davi e Fátima Fotografias ME,Davi Fotos,19895382000197
Davi e Fátima Fotografias ME,Davi Fotos,04950325000196
Davi e Fátima Fotografias ME,Davi Fotos,47569678000153
Davi e Fátima Fotografias ME,Davi Fotos,14831018000140
Davi e Fátima Fotografias ME,Davi Fotos,04435570000165
Davi e Fátima Fotografias ME,Davi Fotos,35548410000156
Davi e Fátima Fotografias ME,Davi Fotos,61170007000146
Davi e Fátima Fotografias ME,Davi Fotos,13562179000112
Davi e Fátima Fotografias ME,Davi Fotos,40181836000154
Davi e Fátima Fotografias ME,Davi Fotos,89212926000154
Davi e Fátima Fotografias ME,Davi Fotos,88788638000180
Davi e Fátima Fotografias ME,Davi Fotos,55285609000146
Davi e Fátima Fotografias ME,Davi Fotos,69779541000166
Davi e Fátima Fotografias ME,Davi Fotos,42251557000145
Davi e Fátima Fotografias ME,Davi Fotos,10475108000194
Davi e Fátima Fotografias ME,Davi Fotos,54088009000125
Davi e Fátima Fotografias ME,Davi Fotos,34632588000118
Davi e Fátima Fotografias ME,Davi Fotos,12783010000120
Davi e Fátima Fotografias ME,Davi Fotos,40802764000115
Davi e Fátima Fotografias ME,Davi Fotos,70060334000136
Davi e Fátima Fotografias ME,Davi Fotos,83117133000170